,Head,LeftPaw,Back
0,,,
1,0.025413062423467636,0.15331175923347473,0.14476633071899414
2,0.02987133152782917,0.36175185441970825,0.5206149220466614
3,0.04953426867723465,0.14474591612815857,0.4434422552585602
4,0.012149675749242306,0.08568407595157623,0.22231681644916534
5,0.08237966895103455,0.0438200980424881,0.20736239850521088
6,0.06304411590099335,0.44888967275619507,0.8451507091522217
7,0.057332124561071396,0.28883084654808044,0.603621244430542
8,0.06875801831483841,0.30986979603767395,0.27412858605384827
9,0.05315250903367996,0.23462799191474915,0.4124954342842102
10,0.053079746663570404,0.23607300221920013,0.764161229133606
11,0.11671608686447144,3.5173070430755615,5.047721862792969
12,0.8436111211776733,1.5867817401885986,0.7195950150489807
13,0.8450044393539429,1.7188912630081177,3.5995941162109375
14,1.6276675462722778,1.9950811862945557,11.014852523803711
15,0.04921909049153328,2.878441333770752,2.9083759784698486
16,0.052506767213344574,1.3797091245651245,7.21362829208374
17,1.4716202020645142,1.745324730873108,3.883587121963501
18,0.27421048283576965,3.7866528034210205,6.370903968811035
19,0.15338309109210968,3.206118106842041,4.385456085205078
20,0.4410800337791443,3.899404287338257,5.8047895431518555
21,8.764567375183105,6.255777835845947,1.2281932830810547
22,9.093243598937988,10.680814743041992,5.646934986114502
23,0.18056361377239227,0.14718598127365112,0.4921528697013855
24,0.02370176650583744,0.6685339212417603,0.809860348701477
25,0.2220585197210312,0.8792847990989685,0.5763011574745178
26,0.02168191783130169,0.2976689338684082,0.5542528033256531
27,0.03825151547789574,0.286212295293808,0.5226013660430908
28,0.018392760306596756,0.3477131128311157,0.53221595287323
29,0.020460983738303185,0.566116213798523,0.951977550983429
30,0.023257918655872345,0.1829851120710373,0.28396570682525635
31,0.03218955174088478,0.3044436573982239,0.5450010895729065
32,0.014079158194363117,0.3588438630104065,0.7449894547462463
33,0.025562001392245293,0.29584893584251404,0.7135983109474182
34,0.05750810727477074,0.24770504236221313,0.47230494022369385
35,0.01949038915336132,0.2903388440608978,0.23892450332641602
36,0.021381914615631104,0.3607890009880066,0.3345969617366791
37,0.02269851416349411,0.14357280731201172,0.1320762038230896
38,0.11158623546361923,0.4446186125278473,0.473673552274704
39,0.07036006450653076,0.4430149495601654,0.479126900434494
40,0.019553838297724724,0.09079539030790329,0.08199366182088852
41,0.034340180456638336,0.19382567703723907,0.3549749553203583
42,0.029249662533402443,0.12992699444293976,0.303484708070755
43,0.005910333711653948,0.28160256147384644,0.3630439341068268
44,0.0288383848965168,0.07757434248924255,0.10413628071546555
45,0.029339822009205818,0.24204210937023163,0.3532867729663849
46,0.0016434218268841505,0.29073068499565125,0.49975165724754333
47,0.030369820073246956,0.2220904678106308,0.500540554523468
48,0.02248116210103035,0.10292290151119232,0.35584741830825806
49,0.019709063693881035,0.2580679655075073,0.5248794555664062
50,0.054777685552835464,0.14877738058567047,0.3664723336696625
51,0.05270625278353691,0.27005717158317566,0.49985867738723755
52,0.035457853227853775,0.42792272567749023,0.7428870797157288
53,0.041699521243572235,0.4597456157207489,0.5825557708740234
54,0.051458969712257385,0.3579811453819275,0.5410616993904114
55,0.08511034399271011,0.29902374744415283,0.33071425557136536
56,0.0992731899023056,0.5289199352264404,0.7164127826690674
57,0.08475787937641144,0.39850756525993347,0.4439453184604645
58,0.07125825434923172,0.1045525074005127,0.24330683052539825
59,0.06395936757326126,0.19079969823360443,0.47315192222595215
60,0.10916507244110107,0.5394963622093201,0.844375729560852
61,0.029134491458535194,0.3435024917125702,0.6313076019287109
62,0.03424001485109329,0.25195756554603577,0.6689580082893372
63,0.036517441272735596,0.4339114725589752,0.8777835369110107
64,0.02837773784995079,0.037118710577487946,0.09190467745065689
65,0.06032487750053406,0.32106003165245056,0.5144401788711548
66,0.023651419207453728,0.0958404541015625,0.11236756294965744
67,0.03877236321568489,0.1312430500984192,0.1812945157289505
68,0.012830309569835663,0.23454274237155914,0.5544294714927673
69,0.047366153448820114,0.28483644127845764,0.2231937050819397
70,0.09046690911054611,0.7257512807846069,1.1838574409484863
71,0.08111994713544846,0.6943422555923462,1.1422194242477417
72,0.03300602734088898,0.0278911292552948,0.3084357678890228
73,0.03726230189204216,0.38098204135894775,0.4219045042991638
74,0.01565941423177719,0.2545570135116577,0.4739932417869568
75,0.016844486817717552,0.10703864693641663,0.19121545553207397
76,3.635497808456421,7.324071407318115,4.865521430969238
77,19.73615837097168,13.654956817626953,2.4804415702819824
78,120.15379333496094,21.291378021240234,0.7168139219284058
79,111.57665252685547,1.0674939155578613,1.0770059823989868
80,113.54974365234375,30.469207763671875,1.3356335163116455
81,278.2146301269531,39.46593475341797,0.9994534254074097
82,26.676593780517578,4.777848720550537,0.8569869995117188
83,24.32957649230957,5.861905097961426,0.9652810096740723
84,20.201213836669922,5.2811713218688965,1.6429566144943237
85,1.87472665309906,2.768861770629883,0.5809338688850403
86,51.47175216674805,14.605093002319336,2.670958995819092
87,5.208770751953125,3.3132684230804443,1.0159900188446045
88,0.2046177089214325,0.36349713802337646,0.5706090927124023
89,19.528980255126953,7.785880088806152,3.718693256378174
90,10.714699745178223,1.3045390844345093,1.6772164106369019
91,793.1666870117188,27.388620376586914,6.9045844078063965
92,42.919769287109375,48.151824951171875,8.483258247375488
93,8.053911209106445,158.03643798828125,3.380915880203247
94,2.9774186611175537,177.3895721435547,4.76708984375
95,801.0148315429688,55.709625244140625,12.620074272155762
96,4.798028469085693,2.954216718673706,2.4178318977355957
97,2.7390291690826416,1.4947786331176758,1.111395001411438
98,47.443058013916016,4.889612674713135,1.5766760110855103
99,123.83876037597656,6.831875324249268,0.5242722034454346
100,123.02674102783203,4.3956732749938965,0.6262179017066956
101,46.68074417114258,5.33253288269043,0.7406599521636963
102,11.26129150390625,2.7880654335021973,1.534940481185913
103,8.048267364501953,3.941012144088745,0.5106215476989746
104,8.781686782836914,1.8506771326065063,0.656234860420227
105,3.4858710765838623,0.9769791960716248,1.0464454889297485
106,4.478718280792236,0.72406405210495,1.6407793760299683
107,28.0733642578125,16.091360092163086,8.82995319366455
108,709.0576782226562,401.6363830566406,11.795469284057617
109,5.608492374420166,297.39691162109375,1.1426783800125122
110,3.4036483764648438,60.42783737182617,1.5274975299835205
111,5.878286361694336,63.61980438232422,4.492400646209717
112,4.4835615158081055,21.94530487060547,1.695227026939392
113,44.84709548950195,100.10960388183594,1.8700491189956665
114,13.315232276916504,55.30970764160156,3.5580835342407227
115,7.406504154205322,35.1259880065918,4.549844264984131
116,16.422101974487305,47.338077545166016,0.056038983166217804
117,14.797001838684082,125.36933135986328,1.4365723133087158
118,1.5021940469741821,87.99545288085938,0.9667326807975769
119,1.6139758825302124,15.821310997009277,1.851462960243225
120,2.253113269805908,15.668001174926758,1.8222346305847168
121,0.3858785331249237,181.4373321533203,1.7297027111053467
122,7.154470920562744,223.76239013671875,0.9815751314163208
123,4.930071830749512,41.160186767578125,3.4653799533843994
124,194.99000549316406,163.24188232421875,2.531661033630371
125,285.8470153808594,4.874888896942139,1.4667586088180542
126,389.00384521484375,4.886165142059326,0.4976007342338562
127,536.5889892578125,10.0499906539917,4.331646919250488
128,21.588871002197266,4.2306036949157715,3.010255813598633
129,4.748132228851318,1.8765915632247925,1.5490790605545044
130,438.7164611816406,26.693532943725586,4.686178207397461
131,34.94673156738281,73.8769302368164,2.7372958660125732
132,35.185829162597656,391.43377685546875,12.865374565124512
133,54.83088302612305,54.630279541015625,2.138673782348633
134,25.74040412902832,31.29303550720215,10.377159118652344
135,53.22959518432617,16.967866897583008,661.7715454101562
136,7.751963138580322,13.636103630065918,15.91412353515625
137,23.47658920288086,296.70257568359375,7.45451021194458
138,52.91237258911133,24.333600997924805,3.143670082092285
139,50.950565338134766,35.07612228393555,7.954619884490967
140,6.9200005531311035,66.44108581542969,13.372607231140137
141,9.564510345458984,32.57603073120117,4.518312454223633
142,56.29077911376953,19.250917434692383,5.60899543762207
143,52.38813400268555,125.50498962402344,18.44127082824707
144,17.175846099853516,11.880786895751953,34.62881088256836
145,2.287269353866577,3.4781675338745117,40.33319854736328
146,5.941956996917725,5.512496471405029,16.55373191833496
147,4.938257217407227,19.646291732788086,17.7058162689209
148,38.49259948730469,162.36297607421875,22.09116554260254
149,37.178348541259766,49.18135452270508,12.659595489501953
150,17.818201065063477,21.58890151977539,13.892804145812988
151,6.729462146759033,78.86466217041016,11.958096504211426
152,11.071969985961914,68.01065063476562,6.299036979675293
153,66.75556182861328,88.09042358398438,8.21190071105957
154,2.4918949604034424,150.490966796875,2.277320623397827
155,2.7247464656829834,19.430572509765625,6.244423866271973
156,3.4720704555511475,37.55872344970703,14.16513442993164
157,4.762046813964844,24.257186889648438,21.18258285522461
158,1.2843852043151855,12.937291145324707,37.31014633178711
159,1.4324437379837036,10.24312686920166,1.861600637435913
160,1.7913252115249634,17.257740020751953,3.3165979385375977
161,2.030649185180664,7.084176540374756,28.584426879882812
162,3.575082302093506,7.892981052398682,11.290842056274414
163,8.521906852722168,11.72517204284668,12.86327075958252
164,14.663515090942383,20.68040657043457,6.577329158782959
165,8.592848777770996,7.9539055824279785,1.2770192623138428
166,8.131532669067383,17.38361167907715,1.2482339143753052
167,20.906892776489258,15.121634483337402,1.9615565538406372
168,2.1481897830963135,15.746183395385742,2.919205904006958
169,22.646333694458008,10.869016647338867,3.914790630340576
170,1.3221888542175293,8.459256172180176,3.370055913925171
171,8.2096529006958,45.164005279541016,11.753543853759766
172,6.719356536865234,2.368544816970825,5.718530178070068
173,2.1865487098693848,2.9205124378204346,1.54032564163208
174,3.253063917160034,5.83433198928833,4.76479959487915
175,0.1613043248653412,8.621111869812012,13.210474967956543
176,1.3883814811706543,11.056253433227539,18.687049865722656
177,4.707529544830322,6.39727783203125,5.86625337600708
178,2.101621389389038,3.496629238128662,1.202324390411377
179,6.930973052978516,3.454995632171631,8.02196979522705
180,1.8617372512817383,4.5917816162109375,7.050784587860107
181,5.168720245361328,3.3194546699523926,6.296933650970459
182,20.163814544677734,28.216825485229492,4.846575736999512
183,70.5966796875,2.069462537765503,2.1615328788757324
184,0.7836714386940002,16.256790161132812,14.289407730102539
185,73.51698303222656,5.788955211639404,1.6886144876480103
186,53.138248443603516,6.920161724090576,3.0521140098571777
187,78.75904846191406,28.605520248413086,8.181918144226074
188,2.3023521900177,21.04404640197754,0.9188356995582581
189,0.14510008692741394,7.70737361907959,3.8530821800231934
190,0.32432499527931213,11.77463150024414,9.024154663085938
191,0.18755820393562317,2.9407691955566406,4.3041276931762695
192,0.02587847411632538,3.9090662002563477,1.6933221817016602
193,0.34050890803337097,1.124026894569397,0.7703632116317749
194,2.147289752960205,4.36337947845459,2.836930513381958
195,14.554193496704102,12.651631355285645,4.2212700843811035
196,5.700046539306641,23.320138931274414,8.70384407043457
197,10.712057113647461,27.47503662109375,3.6836228370666504
198,0.24159982800483704,5.056390762329102,4.502189636230469
199,0.1737680286169052,2.8011221885681152,2.415553331375122
200,0.06257273256778717,2.710933208465576,3.9499456882476807
201,0.7658102512359619,6.887650966644287,8.40485668182373
202,0.2500278055667877,5.5633087158203125,5.6388020515441895
203,0.4901783764362335,3.6162946224212646,5.637723445892334
204,0.4288312792778015,4.667629241943359,1.730807900428772
205,0.1532513052225113,4.613663673400879,4.561384201049805
206,0.14452476799488068,2.5753679275512695,2.218905448913574
207,0.19960759580135345,3.3441057205200195,2.461432695388794
208,1.2338404655456543,11.533256530761719,0.44006478786468506
209,13.510238647460938,19.714771270751953,9.191463470458984
210,13.346440315246582,19.999954223632812,5.848538398742676
211,4.073103427886963,16.551025390625,5.020398139953613
212,161.527099609375,119.30535125732422,31.209304809570312
213,20.086284637451172,32.16899490356445,19.548797607421875
214,5.509957790374756,53.1750602722168,11.06691837310791
215,4.927761077880859,69.40248107910156,5.837344169616699
216,25.813764572143555,57.394290924072266,7.985449314117432
217,109.97759246826172,11.196004867553711,5.537930488586426
218,1.4143332242965698,4.575952529907227,3.4071712493896484
219,13.316207885742188,7.875758647918701,16.120994567871094
220,168.86656188964844,42.774078369140625,3.138848304748535
221,14.197860717773438,51.064823150634766,24.35117530822754
222,3.2593860626220703,26.151988983154297,22.109657287597656
223,76.46277618408203,212.22999572753906,36.55704879760742
224,115.97709655761719,22.934053421020508,24.671077728271484
225,39.04365539550781,88.10978698730469,24.1095027923584
226,67.55268096923828,59.143714904785156,16.83269691467285
227,77.7773208618164,71.30233764648438,53.0239143371582
228,69.95536804199219,102.2536849975586,41.19301223754883
229,82.58184814453125,199.09425354003906,212.43991088867188
230,77.05866241455078,329.70233154296875,57.904579162597656
231,73.73872375488281,351.5291748046875,59.261024475097656
232,11.507644653320312,59.77741622924805,71.44711303710938
233,73.8453598022461,121.74987030029297,63.08696746826172
234,44.27092361450195,83.98788452148438,67.18037414550781
235,10.1959228515625,11.669280052185059,77.25971221923828
236,14.293642044067383,454.4586181640625,101.30805969238281
237,665.0877075195312,43.90135192871094,79.4881362915039
238,157.36180114746094,70.8204116821289,53.50638961791992
239,1.123218297958374,283.56365966796875,526.1600341796875
240,1.093775987625122,3.101672649383545,61.6138801574707
241,0.7648244500160217,15.817097663879395,672.654541015625
242,0.009168284945189953,10.865349769592285,20.38102912902832
243,0.14943751692771912,17.62627601623535,25.521684646606445
244,0.3901861310005188,253.67665100097656,10.389592170715332
245,0.14193613827228546,222.73648071289062,6.2449140548706055
246,0.4057340919971466,478.10736083984375,3.681973934173584
247,1.9893418550491333,40.7883415222168,646.6356201171875
248,2.548774003982544,2.6060187816619873,0.7540326118469238
249,2.159682512283325,2.6473498344421387,0.29877129197120667
250,3.558739185333252,3.6634018421173096,1.5397884845733643
251,2.0974647998809814,20.479305267333984,662.5537719726562
252,0.8786109089851379,84.8597412109375,9.816880226135254
253,0.08353178203105927,150.9839324951172,9.12558650970459
254,0.3615565299987793,94.5330810546875,5.548648834228516
255,510.9671630859375,250.38331604003906,15.670806884765625
256,14.278297424316406,35.0316276550293,10.122803688049316
257,47.784114837646484,35.30834197998047,17.339458465576172
258,27.602764129638672,5.078908443450928,16.281572341918945
259,53.18548583984375,17.50943374633789,4.227012634277344
260,51.61733627319336,32.95191192626953,3.2983083724975586
261,25.385662078857422,75.07196044921875,20.156965255737305
262,2.3725621700286865,120.3734130859375,16.57757568359375
263,8.928163528442383,30.907773971557617,11.458858489990234
264,14.27003002166748,200.87942504882812,15.378321647644043
265,31.967897415161133,4.734516620635986,3.737905740737915
266,20.43486785888672,15.517851829528809,5.469308853149414
267,20.446496963500977,38.05327606201172,9.026206016540527
268,11.5867280960083,5.6877851486206055,5.611947536468506
269,22.768651962280273,1.4485530853271484,18.787464141845703
270,2.414177179336548,5.031280040740967,14.236051559448242
271,5.656381607055664,8.289748191833496,13.236075401306152
272,1.8029613494873047,3.1388378143310547,2.4672317504882812
273,1.2172549962997437,3.117326498031616,3.2143020629882812
274,1.0484626293182373,6.950506687164307,7.380129337310791
275,7.043848037719727,9.717900276184082,3.5902554988861084
276,33.241756439208984,23.010093688964844,6.060828685760498
277,224.3266143798828,278.91009521484375,6.289306163787842
278,0.3167837858200073,42.18495178222656,5.67603063583374
279,0.4993343949317932,21.793067932128906,6.343661785125732
280,0.16964389383792877,98.72806549072266,17.708602905273438
281,0.27852022647857666,6.077322959899902,2.5263259410858154
282,0.22661343216896057,11.861160278320312,7.947296619415283
283,0.48408788442611694,6.6450276374816895,4.466995716094971
284,0.5446898341178894,32.435787200927734,0.7540680766105652
285,0.235634446144104,5.656074523925781,3.179896354675293
286,0.9334052801132202,63.34189224243164,3.4615073204040527
287,0.3526247441768646,70.10502624511719,11.447220802307129
288,0.42621853947639465,116.34610748291016,21.547138214111328
289,0.5882861614227295,11.545735359191895,1.1753515005111694
290,0.24256780743598938,14.634072303771973,9.759740829467773
291,1.6076310873031616,29.401582717895508,2.5881993770599365
292,194.3275604248047,313.0528564453125,19.07720184326172
293,7.858208656311035,38.94780349731445,24.79353904724121
294,0.7958897948265076,2.156291961669922,9.595335960388184
295,3.6193032264709473,2.867551326751709,5.205130577087402
296,19.329679489135742,41.27716064453125,4.834088325500488
297,196.996826171875,24.452512741088867,14.115971565246582
298,191.27218627929688,31.228679656982422,12.820854187011719
299,75.31729888916016,44.331844329833984,24.23625373840332
300,187.5891876220703,81.54124450683594,11.690065383911133
301,3.225860118865967,13.441878318786621,3.046847343444824
302,16.226547241210938,99.66233825683594,6.133563041687012
303,5.261828899383545,106.85160064697266,17.900859832763672
304,299.1617736816406,30.540403366088867,6.473757266998291
305,26.279993057250977,10.472762107849121,2.240474224090576
306,43.27207946777344,47.76325607299805,3.118961811065674
307,4.770058631896973,88.47193145751953,1.7140932083129883
308,5.3247151374816895,4.608438491821289,5.872851848602295
309,2.6845338344573975,8.489670753479004,4.64818000793457
310,5.96521520614624,5.116816997528076,2.9796030521392822
311,10.185980796813965,9.83927059173584,3.481595754623413
312,31.596242904663086,3.8788042068481445,1.7957704067230225
313,13.01889705657959,2.1925864219665527,5.087081432342529
314,16.257986068725586,4.983365535736084,2.319054126739502
315,20.881839752197266,4.520622730255127,2.9670932292938232
316,39.390968322753906,7.337605953216553,6.915582656860352
317,9.088181495666504,8.666558265686035,4.190237998962402
318,6.042157173156738,11.990370750427246,5.047454357147217
319,43.835968017578125,156.2808837890625,7.282791614532471
320,19.68643569946289,53.90732955932617,7.247377872467041
321,29.993284225463867,13.137279510498047,12.15279769897461
322,30.552555084228516,9.325793266296387,19.412593841552734
323,25.146930694580078,6.403392314910889,24.700050354003906
324,242.4852752685547,385.0821228027344,8.015867233276367
325,6.436332702636719,5.919317245483398,1.663198471069336
326,1.109038233757019,3.529423236846924,6.046215534210205
327,0.10531764477491379,1.6831716299057007,1.66604483127594
328,0.6492022275924683,10.915812492370605,3.4922657012939453
329,0.17321844398975372,7.284549713134766,4.276010990142822
330,0.2513885796070099,4.772909641265869,4.366852760314941
331,0.15781505405902863,43.08530807495117,7.751112461090088
332,0.18623962998390198,24.28709602355957,5.13399076461792
333,197.8365478515625,227.38034057617188,6.414991855621338
334,38.885929107666016,164.25242614746094,0.9424087405204773
335,19.695621490478516,2.507101058959961,20.84302520751953
336,35.08702850341797,7.1313042640686035,31.716609954833984
337,24.70205307006836,5.363778114318848,6.667423725128174
338,19.593175888061523,24.822437286376953,5.78822660446167
339,197.80905151367188,70.52914428710938,44.368934631347656
340,7.023787021636963,30.821496963500977,10.961739540100098
341,9.632184028625488,2.2864925861358643,1.6210780143737793
342,7.254323482513428,20.70563316345215,3.3597824573516846
343,28.811172485351562,16.81884765625,22.1932315826416
344,52.193260192871094,45.55308151245117,44.65624237060547
345,181.0621795654297,20.160066604614258,15.805143356323242
346,120.86529541015625,8.407265663146973,9.56541633605957
347,187.63189697265625,29.240381240844727,5.598731994628906
348,19.564151763916016,7.775093078613281,4.140060901641846
349,12.173389434814453,346.5167541503906,2.7300162315368652
350,0.6961691975593567,7.1350274085998535,11.325159072875977
351,0.24131658673286438,7.051754474639893,10.56197452545166
352,0.44975030422210693,3.397017240524292,3.942706823348999
353,0.23949462175369263,22.40511703491211,8.54967212677002
354,0.13972733914852142,51.339752197265625,4.301231861114502
355,0.10124724358320236,15.972697257995605,2.566563129425049
356,0.04278930276632309,2.2528510093688965,2.1335206031799316
357,0.016073698177933693,50.29619216918945,3.066815137863159
358,0.19978569447994232,48.16408157348633,4.574399948120117
359,4.522588729858398,61.72999954223633,13.826566696166992
360,178.21331787109375,209.96702575683594,14.636411666870117
361,9.459885597229004,62.63678741455078,2.477506637573242
362,9.111062049865723,4.431674957275391,5.526805877685547
363,9.737139701843262,4.274972915649414,17.123760223388672
364,0.7816420197486877,6.556005477905273,4.09694766998291
365,0.6242126226425171,5.246366024017334,5.62601900100708
366,2.0190634727478027,6.623365879058838,2.6913695335388184
367,6.0039448738098145,19.869712829589844,7.477682590484619
368,102.87388610839844,16.5910701751709,6.37825870513916
369,154.87777709960938,79.90530395507812,40.63712692260742
370,23.426734924316406,27.29364585876465,14.613816261291504
371,29.16724967956543,5.5319929122924805,4.7827839851379395
372,73.0333251953125,2.8349313735961914,12.223686218261719
373,10.971620559692383,3.23660945892334,0.8545112013816833
374,92.5521011352539,14.246639251708984,16.584623336791992
375,23.960651397705078,25.735490798950195,32.34964370727539
376,88.49119567871094,65.51476287841797,42.231529235839844
377,74.3084487915039,13.702512741088867,10.479476928710938
378,7.775270938873291,42.858978271484375,4.164906024932861
379,203.40716552734375,25.331613540649414,1.2693108320236206
380,16.712127685546875,9.704031944274902,2.693100690841675
381,34.917388916015625,340.4635314941406,12.059072494506836
382,0.01590864732861519,7.710371971130371,4.075171947479248
383,0.2139211893081665,2.5288474559783936,3.8916404247283936
384,0.5541028380393982,4.613953590393066,1.6592966318130493
385,0.8670653700828552,29.040634155273438,3.487234354019165
386,1.6011725664138794,15.72935676574707,3.1830894947052
387,0.3118329346179962,6.325714111328125,3.4810678958892822
388,0.1747058629989624,11.513652801513672,7.687370777130127
389,0.2235667109489441,9.847168922424316,4.448609828948975
390,0.05673341825604439,0.5588499307632446,0.838398814201355
391,0.4225834608078003,0.2690412104129791,0.6658648252487183
392,0.04348843917250633,5.597558498382568,0.754300057888031
393,0.07282852381467819,1.1487683057785034,1.7931534051895142
394,0.4286517798900604,0.31911396980285645,0.3973589837551117
395,1.1214622259140015,1.189632534980774,0.7063741087913513
396,180.911865234375,390.03717041015625,39.23648452758789
397,1.6590728759765625,25.40984535217285,15.210650444030762
398,3.0832250118255615,98.38409423828125,7.57943058013916
399,0.9817915558815002,50.82734298706055,5.128133773803711
400,222.77310180664062,51.314395904541016,48.46935272216797
401,21.182479858398438,30.648818969726562,21.850711822509766
402,126.1860122680664,60.9286994934082,55.48295211791992
403,243.85012817382812,14.019062042236328,33.67975997924805
404,142.70079040527344,40.37874221801758,13.222156524658203
405,195.56907653808594,18.01934051513672,2.6953749656677246
406,11.661764144897461,3.070064067840576,4.811867713928223
407,12.551700592041016,345.2889099121094,10.456743240356445
408,0.9024388194084167,4.127872943878174,2.9301562309265137
409,0.15974216163158417,0.3021051585674286,1.7567049264907837
410,0.8071846961975098,2.3074522018432617,1.131078839302063
411,0.8530062437057495,14.270010948181152,4.734846115112305
412,0.1409895271062851,1.649765968322754,2.309086322784424
413,0.15405142307281494,2.7103755474090576,2.023301601409912
414,0.12939293682575226,1.7300223112106323,0.4680660367012024
415,0.17716708779335022,0.3922021985054016,0.86103755235672
416,0.08140783756971359,5.889713287353516,2.1993422508239746
417,0.5739302635192871,1.8879278898239136,1.606676697731018
418,10.628108024597168,8.521910667419434,1.1635379791259766
419,2.4612622261047363,2.6779658794403076,1.4169915914535522
420,3.3998546600341797,2.3127455711364746,0.5696281790733337
421,1.0762633085250854,1.8549264669418335,0.19667668640613556
422,2.284324884414673,13.145298957824707,4.943508148193359
423,0.9183422923088074,1.8336865901947021,0.7208155393600464
424,1.270931363105774,2.4034409523010254,3.3816921710968018
425,9.778284072875977,158.0268096923828,13.066141128540039
426,6.07186222076416,201.01036071777344,9.179001808166504
427,155.09368896484375,8.39588451385498,3.204324722290039
428,53.188995361328125,94.8394546508789,0.7543755769729614
429,110.12018585205078,195.58094787597656,0.47666025161743164
430,3.2345504760742188,146.27789306640625,11.419858932495117
431,0.20945623517036438,84.91673278808594,12.094148635864258
432,171.72274780273438,126.35084533691406,17.851842880249023
433,9.194012641906738,75.75922393798828,11.378073692321777
434,93.50048828125,51.474300384521484,17.752628326416016
435,66.00386047363281,32.48994827270508,30.782272338867188
436,146.38690185546875,41.187625885009766,9.266932487487793
437,4.143291473388672,20.82939910888672,30.303333282470703
438,9.405085563659668,4.250340461730957,12.901874542236328
439,2.0551743507385254,10.6785306930542,19.58827018737793
440,72.30040740966797,6.866497039794922,16.97909927368164
441,174.8325958251953,28.98379135131836,16.088706970214844
442,38.233612060546875,24.66004753112793,3.150944471359253
443,39.70267868041992,49.85077667236328,32.17854690551758
444,4.993063449859619,4.756463050842285,9.562925338745117
445,26.822355270385742,2.576151132583618,18.132539749145508
446,61.8638801574707,6.9041876792907715,11.94803524017334
447,2.530205488204956,6.04569149017334,4.774286270141602
448,2.859027862548828,7.711296081542969,4.344438552856445
449,4.8429856300354,3.4965012073516846,7.387148857116699
450,41.37538528442383,8.976707458496094,3.8669936656951904
451,38.7244758605957,11.856961250305176,1.4844515323638916
452,25.257484436035156,24.627378463745117,0.7086203694343567
453,206.06105041503906,306.2585144042969,7.518139362335205
454,230.2122039794922,330.38311767578125,3.7403972148895264
455,2.808182716369629,1.1853394508361816,7.119744300842285
456,4.862492084503174,8.22881031036377,6.773569583892822
457,1.9803876876831055,6.456119537353516,3.8983588218688965
458,1.5817621946334839,9.284499168395996,1.7212656736373901
459,2.2858307361602783,5.783416748046875,5.681684494018555
460,76.5406723022461,11.285537719726562,12.506048202514648
461,53.21244430541992,25.270170211791992,19.122798919677734
462,53.21051788330078,47.98253631591797,43.09407043457031
463,15.400040626525879,1.1302855014801025,16.986068725585938
464,9.500126838684082,1.2021901607513428,1.163529872894287
465,3.809469699859619,0.453247994184494,3.122683525085449
466,5.838322162628174,2.8384838104248047,1.9647722244262695
467,8.051304817199707,1.4018789529800415,1.047701358795166
468,27.492521286010742,1.4442570209503174,1.7209463119506836
469,2.7520241737365723,1.2403992414474487,0.36681196093559265
470,31.717912673950195,2.6636574268341064,0.9313886165618896
471,3.076976776123047,0.9638725519180298,1.2111378908157349
472,8.93299674987793,1.595068335533142,2.625502586364746
473,3.868116617202759,1.3900891542434692,1.449463963508606
474,3.3760504722595215,1.6620341539382935,1.0510385036468506
475,22.77081298828125,1.724012851715088,1.6183985471725464
476,11.404994010925293,4.225646018981934,1.6663854122161865
477,5.863905906677246,1.4431428909301758,1.987492561340332
478,32.30552291870117,1.001018762588501,2.266864538192749
479,1.8406782150268555,0.8715741038322449,0.3742707669734955
480,52.783348083496094,2.573880434036255,2.29683256149292
481,12.114169120788574,1.1081749200820923,0.77144455909729
482,39.01564025878906,6.3011155128479,2.4891817569732666
483,32.07279968261719,2.2275230884552,3.0389299392700195
484,4.143288612365723,1.5292531251907349,2.110985279083252
485,3.6641669273376465,0.8530077338218689,2.1936914920806885
486,28.90744972229004,1.4228782653808594,1.266656517982483
487,5.890645980834961,0.5754088163375854,5.323030471801758
488,3.6603586673736572,0.4157083332538605,0.9908445477485657
489,8.50085735321045,1.0469999313354492,1.4074136018753052
490,1.2573336362838745,0.785849392414093,0.6567663550376892
491,18.357158660888672,1.8103094100952148,1.051525354385376
492,7.045831680297852,0.49933284521102905,1.4358656406402588
493,20.24516487121582,0.712801992893219,1.0856149196624756
494,4.762967109680176,0.2568950057029724,0.4281911849975586
495,18.204980850219727,1.750809669494629,1.2077791690826416
496,27.460041046142578,0.33042994141578674,0.9297698736190796
497,1.870095133781433,0.8756272792816162,0.9498651027679443
498,0.6061896681785583,0.49218207597732544,1.0534576177597046
499,24.419466018676758,2.964810371398926,3.3673248291015625
500,4.471601963043213,6.012980937957764,1.824164628982544
501,18.999731063842773,4.428102970123291,1.6618335247039795
502,3.3145675659179688,2.2657487392425537,2.0726583003997803
503,1.8725160360336304,3.2395403385162354,2.7877063751220703
504,1.0519331693649292,0.13921064138412476,1.933361530303955
505,3.5420689582824707,0.7204276919364929,3.9478750228881836
506,3.6327192783355713,1.04336678981781,1.0414570569992065
507,10.790977478027344,3.0965664386749268,3.2644286155700684
508,5.097311973571777,2.1283910274505615,1.5413340330123901
509,21.883785247802734,2.6584529876708984,1.6101877689361572
510,3.1273112297058105,0.7066751718521118,1.748894214630127
511,30.509639739990234,1.2185016870498657,1.5822657346725464
512,2.3728229999542236,1.3067467212677002,1.5004827976226807
513,25.785188674926758,1.2018764019012451,0.6968019604682922
514,27.509218215942383,2.8711328506469727,2.065363645553589
515,1.373771071434021,0.40761837363243103,1.316625714302063
516,1.2042585611343384,0.3930727243423462,2.5682530403137207
517,2.248936891555786,1.0970641374588013,3.152301788330078
518,4.405856132507324,1.9217438697814941,0.8436240553855896
519,8.0802583694458,2.2121267318725586,0.8920697569847107
520,7.763391017913818,0.6837726831436157,0.6255075335502625
521,10.384839057922363,0.7466586232185364,1.7223559617996216
522,21.091724395751953,1.2818576097488403,2.080171823501587
523,19.784059524536133,0.8787291049957275,1.5177063941955566
524,37.03253936767578,2.1626555919647217,2.008510112762451
525,2.9509506225585938,2.576904296875,2.3490564823150635
526,53.01417541503906,2.1584527492523193,1.3519623279571533
527,2.7580580711364746,1.0081899166107178,0.656639039516449
528,0.7363696694374084,0.3690754175186157,0.5753058195114136
529,3.750098705291748,5.885785102844238,2.4001657962799072
530,0.6147180795669556,1.0332854986190796,1.308975338935852
531,15.09111213684082,6.749672889709473,3.3280954360961914
532,16.125600814819336,9.07278060913086,3.608867645263672
533,0.7041515707969666,2.5278382301330566,1.397421956062317
534,0.8901939392089844,0.9819104075431824,0.5945087671279907
535,1.3897229433059692,1.722489356994629,1.2908072471618652
536,0.5192186236381531,1.0484564304351807,2.292753219604492
537,1.059614896774292,1.5027024745941162,2.6509196758270264
538,1.2006118297576904,1.1781471967697144,1.3754714727401733
539,1.9282819032669067,0.7356621026992798,1.0713380575180054
540,0.31202608346939087,0.17013926804065704,2.600158214569092
541,0.3296830952167511,0.9056276679039001,1.7947436571121216
542,0.4883916676044464,1.0311062335968018,0.5411547422409058
543,1.4612994194030762,2.3767285346984863,0.21268261969089508
544,1.9624730348587036,0.8737610578536987,2.056990146636963
545,2.9417569637298584,1.364206075668335,0.08439730107784271
546,1.351094126701355,0.6563512086868286,0.49112504720687866
547,2.018204689025879,1.063855767250061,1.243515968322754
548,3.770623207092285,1.7752386331558228,1.760624647140503
549,4.212479114532471,2.9850869178771973,1.7084921598434448
550,0.6067067384719849,1.6253798007965088,0.8297248482704163
551,0.6653125286102295,0.3230227828025818,1.544071078300476
552,0.3550069332122803,0.6698248982429504,0.8555009961128235
553,2.6278438568115234,2.1156814098358154,3.922511577606201
554,0.8950994610786438,2.177264451980591,1.394675850868225
555,0.736020028591156,0.7438062429428101,0.8687071204185486
556,1.7156455516815186,0.5184261798858643,1.4126478433609009
557,0.39349600672721863,2.770786762237549,0.9393357634544373
558,0.1442488580942154,0.27204981446266174,2.6759848594665527
559,9.80693531036377,4.445757865905762,1.6419297456741333
560,4.059864521026611,0.5229036808013916,2.157620668411255
561,8.020359992980957,1.5514719486236572,0.9077857732772827
562,3.5487759113311768,2.043002128601074,1.4533331394195557
563,23.1810245513916,2.8199121952056885,2.9225759506225586
564,39.99895095825195,2.7207367420196533,1.2501693964004517
565,60.72062301635742,4.254655361175537,2.7109429836273193
566,1.8257604837417603,0.4243684709072113,3.836165189743042
567,25.077241897583008,1.0883371829986572,0.24580982327461243
568,22.090547561645508,2.707571268081665,2.5423402786254883
569,1.1556962728500366,0.3933611810207367,0.28360214829444885
570,0.8219559788703918,1.205401062965393,0.38097333908081055
571,2.0493929386138916,1.7586922645568848,2.148023843765259
572,3.2556331157684326,2.839564085006714,2.0984933376312256
573,2.3879241943359375,1.637486219406128,1.858219861984253
574,1.254860758781433,0.3458324372768402,0.6285311579704285
575,3.1413609981536865,1.69344162940979,2.3660643100738525
576,0.6044644713401794,3.0796778202056885,1.3255889415740967
577,1.2345610857009888,0.49718746542930603,2.022937536239624
578,3.7174577713012695,2.1460485458374023,1.3985024690628052
579,3.391826868057251,3.887366533279419,0.866288959980011
580,0.5787503719329834,0.3737984001636505,0.8861550092697144
581,1.0475064516067505,1.723239541053772,1.9793858528137207
582,4.3946709632873535,1.7220964431762695,0.8962627053260803
583,2.168436288833618,1.1029107570648193,1.0384716987609863
584,5.497898578643799,0.6604061126708984,0.5884804129600525
585,2.821643352508545,2.456488609313965,1.8995600938796997
586,5.380303382873535,4.206968307495117,1.123575210571289
587,14.34953784942627,6.150043487548828,2.2832586765289307
588,2.7175803184509277,4.446894645690918,2.095090389251709
589,1.9068901538848877,0.5538308620452881,0.7686613202095032
590,0.7890625596046448,2.807642936706543,1.3638324737548828
591,2.2697017192840576,2.497659683227539,1.511522650718689
592,3.850956439971924,2.65580153465271,2.968021869659424
593,5.701371669769287,2.893946647644043,0.6902554631233215
594,3.3638713359832764,1.9310169219970703,2.5938985347747803
595,2.544710397720337,2.9722867012023926,1.643020749092102
596,1.907800316810608,2.84165620803833,1.0015900135040283
597,1.2250241041183472,2.9736328125,0.34692397713661194
598,0.36587217450141907,0.6003316044807434,2.8778226375579834
599,3.501185655593872,1.4232943058013916,2.4307565689086914
600,13.51461410522461,1.8568233251571655,2.711818218231201
601,11.25473403930664,1.6162636280059814,0.2050873190164566
602,2.9523723125457764,1.0593105554580688,1.3670612573623657
603,26.215415954589844,1.4004597663879395,0.50865638256073
604,23.435518264770508,1.417561411857605,1.2339683771133423
605,1.5217279195785522,2.4706850051879883,1.101331114768982
606,35.48617172241211,1.9589014053344727,1.039642572402954
607,32.18216323852539,2.6941170692443848,0.8344095945358276
608,9.52639389038086,0.8719687461853027,1.5952937602996826
609,20.369518280029297,0.9938392639160156,0.5464257597923279
610,89.37556457519531,2.9311022758483887,2.4775784015655518
611,85.69623565673828,3.0371012687683105,1.238885760307312
612,9.062925338745117,3.6749775409698486,1.1488735675811768
613,56.958091735839844,3.2586817741394043,1.845742106437683
614,3.9836602210998535,1.422149658203125,3.3983616828918457
615,53.97219467163086,1.8479340076446533,0.3975563645362854
616,53.130191802978516,1.6759501695632935,2.3749687671661377
617,1.2044864892959595,0.48845332860946655,1.684851884841919
618,0.32662129402160645,0.2323957085609436,1.318355679512024
619,1.5843199491500854,0.4137572944164276,1.9308841228485107
620,2.2868356704711914,0.9696781039237976,1.1969032287597656
621,3.004611015319824,0.5178342461585999,1.4911003112792969
622,2.6628706455230713,1.1185930967330933,1.0439194440841675
623,77.24712371826172,2.192126989364624,0.47810089588165283
624,43.02542495727539,2.9996490478515625,0.9513943195343018
625,6.80289888381958,2.945680856704712,0.13664092123508453
626,23.301727294921875,0.6157538294792175,0.7457040548324585
627,88.16248321533203,1.549055576324463,1.6876230239868164
628,89.34233856201172,1.9654468297958374,2.4641852378845215
629,25.827320098876953,12.762776374816895,12.585836410522461
630,3.4106781482696533,4.761477470397949,6.511416435241699
631,12.903096199035645,27.710866928100586,11.116121292114258
632,5.7600274085998535,2.8302900791168213,12.55376148223877
633,11.304940223693848,29.668190002441406,16.776241302490234
634,13.56913948059082,5.67568826675415,7.602053165435791
635,9.934551239013672,3.1944634914398193,7.378238201141357
636,5.940175533294678,1.7513279914855957,4.923645973205566
637,1.5046828985214233,3.994905471801758,1.7538108825683594
638,1.5231260061264038,0.39203619956970215,1.863891839981079
639,1.8650481700897217,2.816495656967163,0.9314281344413757
640,0.11756348609924316,1.995450496673584,0.6099033951759338
641,2.252617835998535,0.8553544878959656,0.8462234139442444
642,5.959455966949463,8.599081039428711,3.228050947189331
643,5.83682918548584,1.8231509923934937,0.7744021415710449
644,1.1518962383270264,0.8114233016967773,0.9371833801269531
645,42.33401107788086,18.628808975219727,3.7917137145996094
646,93.80562591552734,6.6650543212890625,5.5615644454956055
647,46.104713439941406,10.087780952453613,5.140625953674316
648,28.631481170654297,8.867945671081543,4.822694778442383
649,43.38877868652344,8.826448440551758,4.439890384674072
650,56.78053283691406,1.3492481708526611,3.0963969230651855
651,12.195538520812988,4.35738468170166,2.691852569580078
652,12.362724304199219,5.303591728210449,1.036834478378296
653,11.495245933532715,14.769087791442871,1.3304225206375122
654,13.199905395507812,6.820366859436035,2.977102041244507
655,11.263924598693848,1.8484450578689575,0.33654963970184326
656,25.950063705444336,4.279494285583496,4.352768898010254
657,37.216758728027344,8.0191650390625,1.668862223625183
658,83.3002700805664,10.261978149414062,4.766016006469727
659,50.29197311401367,1.1802995204925537,3.018937110900879
660,89.95133209228516,3.5162177085876465,1.9279229640960693
661,84.16667938232422,2.1248538494110107,1.302287220954895
662,125.84026336669922,2.4291815757751465,1.7191776037216187
663,324.9970397949219,5.6144208908081055,1.1731871366500854
664,2.995021343231201,3.172268867492676,3.095620632171631
665,3.649287223815918,5.687508583068848,0.6368213295936584
666,6.7575554847717285,6.082486152648926,1.7230137586593628
667,4.919090270996094,6.648441314697266,1.498464822769165
668,3.4548304080963135,1.2682867050170898,1.678085446357727
669,3.5107648372650146,2.4296441078186035,3.0720391273498535
670,24.43098258972168,16.657886505126953,11.785224914550781
671,46.67012405395508,20.095945358276367,18.592296600341797
672,17.331424713134766,34.44938659667969,30.108230590820312
673,55.24811935424805,45.897003173828125,9.240386962890625
674,30.413040161132812,15.511078834533691,6.854172229766846
675,2.1859467029571533,3.942044258117676,7.405832290649414
676,2.707928419113159,3.6116058826446533,4.998511791229248
677,0.929196298122406,2.3039591312408447,3.7895455360412598
678,17.35440444946289,16.11522674560547,4.09389066696167
679,7.441510200500488,3.8172407150268555,5.719390392303467
680,9.545194625854492,2.8417251110076904,1.7883074283599854
681,20.732070922851562,10.04690933227539,1.49563467502594
682,8.376133918762207,4.672860145568848,0.9851869940757751
683,21.780128479003906,8.950541496276855,3.7144298553466797
684,3.0530824661254883,3.255552291870117,2.0276803970336914
685,3.268609046936035,1.7945448160171509,1.1488279104232788
686,10.06214427947998,17.393033981323242,0.5676208734512329
687,3.990281820297241,2.557003974914551,1.5249783992767334
688,1.5513874292373657,4.264559745788574,5.630900859832764
689,31.013126373291016,11.81098747253418,3.884538412094116
690,36.64476776123047,16.57006072998047,5.688119888305664
691,315.94561767578125,14.741966247558594,3.0574779510498047
692,315.47503662109375,18.090059280395508,3.768557548522949
693,9.03381061553955,5.781717300415039,2.5559120178222656
694,2.475740432739258,0.333463191986084,2.7757394313812256
695,18.616802215576172,2.7251477241516113,0.6477184891700745
696,8.850878715515137,1.6613729000091553,1.2973824739456177
697,3.8066325187683105,4.0884528160095215,2.4926323890686035
698,7.474247455596924,5.876399517059326,2.630791425704956
699,41.26621627807617,24.75978660583496,5.527525424957275
700,9.115579605102539,9.985722541809082,3.3593904972076416
701,6.916252613067627,3.155729293823242,3.426649332046509
702,3.594620704650879,4.079954624176025,2.817925453186035
703,8.418947219848633,11.05710220336914,4.561570167541504
704,0.958125114440918,1.0896188020706177,4.377488613128662
705,3.1882107257843018,2.074828624725342,1.766829013824463
706,1.1732301712036133,2.276461124420166,1.7789868116378784
707,0.6656412482261658,1.074222207069397,1.9519795179367065
708,1.333951711654663,1.4769452810287476,2.1983137130737305
709,9.995112419128418,5.535591125488281,2.176342487335205
710,15.308032035827637,6.133011341094971,2.314871311187744
711,85.21365356445312,37.917945861816406,13.148889541625977
712,60.00080871582031,45.276710510253906,3.7723186016082764
713,9.14653205871582,11.404241561889648,6.534945487976074
714,2.4175610542297363,26.734506607055664,6.583482265472412
715,1.5598996877670288,2.2589023113250732,0.26950159668922424
716,53.14045715332031,23.010988235473633,4.8145060539245605
717,9.200541496276855,9.045696258544922,6.06554651260376
718,9.704482078552246,23.426095962524414,5.298250198364258
719,25.13102912902832,0.07231859862804413,8.366613388061523
720,25.789356231689453,7.0182719230651855,6.551187515258789
721,22.389909744262695,3.0642154216766357,3.7575531005859375
722,19.202621459960938,1.1605312824249268,5.625650882720947
723,42.731510162353516,2.209341287612915,6.312795639038086
724,2.4313881397247314,1.3326016664505005,0.9830905795097351
725,35.600032806396484,1.4748679399490356,5.181100368499756
726,3.18208384513855,2.065610647201538,1.0454010963439941
727,2.2743613719940186,1.24320387840271,5.8783416748046875
728,2.428981065750122,5.677697658538818,3.9478936195373535
729,2.0682759284973145,6.285321235656738,3.0788309574127197
730,2.232673168182373,1.9028359651565552,0.8186246752738953
731,2.511894702911377,1.0832620859146118,1.3573698997497559
732,11.452071189880371,7.146514415740967,4.82219934463501
733,38.61348342895508,8.074200630187988,0.6376529335975647
734,33.99354553222656,5.789848327636719,3.391895294189453
735,5.525325298309326,7.985082626342773,4.5447797775268555
736,5.9782633781433105,3.884145975112915,3.0090975761413574
737,62.556060791015625,30.747840881347656,9.211806297302246
738,202.69505310058594,353.5491638183594,8.103431701660156
739,9.449984550476074,22.350751876831055,9.80587387084961
740,2.4506285190582275,12.80369758605957,12.309889793395996
741,8.943243980407715,314.5690612792969,8.264437675476074
742,5.4891180992126465,178.22576904296875,9.38450813293457
743,0.20613090693950653,102.72489929199219,1.8938136100769043
744,5.407932758331299,62.11838150024414,7.412431716918945
745,0.5174466371536255,10.569487571716309,7.749016761779785
746,2.697584390640259,5.157789707183838,3.744809150695801
747,1.0904626846313477,7.635726451873779,8.713432312011719
748,0.8960880637168884,2.7597239017486572,5.456299781799316
749,2.671309232711792,2.4532558917999268,2.893482208251953
750,0.6935250759124756,2.518733501434326,11.464737892150879
751,0.81231290102005,10.359068870544434,13.754053115844727
752,2.8094418048858643,3.6014838218688965,18.657222747802734
753,1.1036028861999512,6.605286598205566,17.638364791870117
754,1.459494948387146,6.0359578132629395,8.531065940856934
755,0.4296260178089142,0.5966517925262451,1.7941101789474487
756,0.0733472928404808,3.537501811981201,3.0080487728118896
757,0.3111955225467682,2.0675740242004395,3.180407762527466
758,0.16134801506996155,1.5972672700881958,1.214097499847412
759,0.1546492874622345,1.7816818952560425,5.28694486618042
760,0.27626582980155945,1.4112037420272827,3.5246784687042236
761,0.49314454197883606,1.5498805046081543,3.0537192821502686
762,0.5742776393890381,8.212603569030762,9.406004905700684
763,0.8580015897750854,1.1938045024871826,1.1670385599136353
764,0.284068763256073,0.9163461923599243,2.1837542057037354
765,0.03406401723623276,4.402698993682861,7.130193710327148
766,0.08222079277038574,8.010712623596191,8.085027694702148
767,0.509148359298706,4.927682399749756,4.835391998291016
768,0.1293840855360031,2.1360979080200195,2.3318839073181152
769,0.032553430646657944,3.6256585121154785,2.765479803085327
770,0.3974043130874634,4.949428558349609,4.2200212478637695
771,0.6292224526405334,15.771947860717773,13.822460174560547
772,0.06756771355867386,12.02049446105957,23.567991256713867
773,0.13043299317359924,3.193308115005493,23.24903678894043
774,0.04032581299543381,4.0411224365234375,2.245990753173828
775,0.04311433061957359,1.5268725156784058,0.7073147892951965
776,0.1375851184129715,1.9536843299865723,2.699026346206665
777,0.029184570536017418,5.090210437774658,4.5251922607421875
778,0.1456184834241867,1.3707133531570435,2.4621949195861816
779,0.04156220704317093,5.022432804107666,3.220665693283081
780,0.06273066252470016,8.609556198120117,3.744480609893799
781,0.10535448044538498,10.883954048156738,12.227734565734863
782,0.0460863932967186,9.29870891571045,2.300060272216797
783,0.11626043915748596,4.384293079376221,3.3196959495544434
784,0.09244851768016815,10.349030494689941,6.190659523010254
785,0.08193109929561615,8.473821640014648,13.319707870483398
786,1.2954294681549072,9.468537330627441,10.327564239501953
787,2.7537219524383545,15.492959022521973,6.259166240692139
788,4.583096981048584,6.15166711807251,5.11070442199707
789,3.5052525997161865,22.41461753845215,14.227862358093262
790,5.038252353668213,15.997363090515137,11.433225631713867
791,0.20681536197662354,3.452012300491333,10.139049530029297
792,0.13410146534442902,13.132487297058105,5.629585266113281
793,0.08013581484556198,9.324532508850098,1.7041820287704468
794,0.20764093101024628,2.761640787124634,1.200605034828186
795,0.0947926864027977,2.44783878326416,2.1675314903259277
796,0.13245789706707,8.63869857788086,2.030944585800171
797,0.0706951767206192,7.499425411224365,1.5185545682907104
798,0.03922870382666588,8.16993522644043,1.5794657468795776
799,0.20323996245861053,2.568516731262207,0.5924785137176514
800,0.12732262909412384,2.3225157260894775,1.6135839223861694
801,0.13418971002101898,6.575185775756836,3.509018659591675
802,0.1434551328420639,2.0356361865997314,2.9722564220428467
803,0.2354855090379715,4.655484676361084,0.24386799335479736
804,0.1509248912334442,2.0445780754089355,0.7645833492279053
805,0.06857932358980179,8.645145416259766,1.5119140148162842
806,486.1122741699219,239.85223388671875,4.408588409423828
807,27.22270393371582,20.62239646911621,5.74584436416626
808,44.301883697509766,34.54885482788086,2.7507059574127197
809,10.351960182189941,24.595890045166016,19.064680099487305
810,59.45492172241211,25.091506958007812,19.15911102294922
811,16.302825927734375,5.250784873962402,25.4281063079834
812,56.49934768676758,11.02804946899414,10.570106506347656
813,6.2160820960998535,9.227657318115234,1.505069375038147
814,3.674246311187744,3.19224214553833,33.126136779785156
815,4.5202507972717285,6.898322582244873,19.500139236450195
816,5.071847438812256,5.4443559646606445,3.952827215194702
817,3.134791374206543,11.055081367492676,1.3434392213821411
818,4.297122001647949,0.8930566906929016,3.1140284538269043
819,5.930069446563721,8.987442970275879,6.571173667907715
820,35.52708435058594,7.284148216247559,4.460763931274414
821,151.88328552246094,4.360239028930664,6.2935872077941895
822,27.656496047973633,1.8066250085830688,1.8599693775177002
823,41.186012268066406,3.212184190750122,2.972353935241699
824,133.9452362060547,1.5478075742721558,10.514959335327148
825,6.5177226066589355,3.907203197479248,10.19902515411377
826,20.61951446533203,4.594770431518555,2.0261282920837402
827,3.0483334064483643,5.180858135223389,5.342959880828857
828,2.385601758956909,1.517698884010315,1.927869439125061
829,4.712002277374268,1.980676531791687,1.8690019845962524
830,6.714428901672363,1.6405049562454224,2.796865224838257
831,108.19867706298828,4.211791038513184,16.425670623779297
832,1.1455663442611694,1.4623534679412842,21.830488204956055
833,17.58428955078125,1.9690364599227905,11.664112091064453
834,11.054858207702637,5.413306713104248,2.071367025375366
835,10.232342720031738,2.343613624572754,15.338156700134277
836,149.548583984375,1.1141901016235352,15.906521797180176
837,2.327181816101074,0.6164852976799011,9.381460189819336
838,3.8555760383605957,0.78813236951828,3.4840900897979736
839,67.58841705322266,6.10863733291626,34.70702362060547
840,6.843958377838135,6.219148635864258,3.487151861190796
841,8.331664085388184,3.662274122238159,4.082629680633545
842,28.330724716186523,3.2412350177764893,3.8634090423583984
843,26.84140968322754,3.5920684337615967,20.133920669555664
844,10.894387245178223,2.3862218856811523,16.443431854248047
845,77.76097106933594,7.190223217010498,15.692720413208008
846,15.756942749023438,13.552891731262207,12.330869674682617
847,6.697714328765869,3.7985596656799316,19.579389572143555
848,101.34966278076172,7.2190470695495605,22.369585037231445
849,29.839391708374023,15.363269805908203,2.437465190887451
850,41.852569580078125,3.983995199203491,5.866483688354492
851,80.72306060791016,8.273423194885254,3.27304744720459
852,75.8891372680664,4.236142635345459,1.7999145984649658
853,7.927713871002197,2.524110794067383,6.5070881843566895
854,46.93635559082031,1.7175859212875366,0.8155311942100525
855,34.67365646362305,2.417118549346924,1.2817401885986328
856,143.3123016357422,3.7390246391296387,3.057692289352417
857,21.403749465942383,3.3912253379821777,5.756611347198486
858,29.69270896911621,3.131587266921997,9.484219551086426
859,229.9741668701172,31.87757682800293,12.772207260131836
860,53.94131088256836,17.646835327148438,3.3109700679779053
861,140.22793579101562,68.7745361328125,3.7541778087615967
862,81.0054931640625,8.42268180847168,2.1824464797973633
863,88.40422058105469,2.850466012954712,5.687697410583496
864,83.5682373046875,14.120259284973145,4.638122081756592
865,107.8159408569336,17.07967185974121,5.031737804412842
866,25.70556640625,9.176532745361328,3.64255428314209
867,91.06268310546875,36.94482421875,3.5265138149261475
868,88.84571838378906,36.349449157714844,3.754962205886841
869,13.762761116027832,6.622903347015381,5.685679912567139
870,31.877017974853516,11.628915786743164,7.927038669586182
871,19.630596160888672,13.615941047668457,1.8834799528121948
872,2.5956876277923584,1.3628709316253662,1.3010309934616089
873,18.67815589904785,6.923837661743164,6.638502597808838
874,31.4427490234375,2.0805797576904297,3.153414487838745
875,1.2388904094696045,0.9353591799736023,3.668241500854492
876,3.9751906394958496,2.1404879093170166,2.8299028873443604
877,0.7825180888175964,0.291569322347641,2.251000165939331
878,5.806249618530273,0.9981054067611694,0.5068157315254211
879,8.72968864440918,2.3133385181427,2.058539867401123
880,14.146471977233887,6.967316150665283,5.794203758239746
881,7.567227363586426,9.53958511352539,5.246908187866211
882,31.249345779418945,19.918882369995117,1.6480824947357178
883,291.3268737792969,12.106494903564453,7.81387186050415
884,186.40286254882812,10.310688972473145,6.42065954208374
885,70.8818359375,20.91371726989746,0.6425384879112244
886,22.78050994873047,9.415848731994629,4.6036224365234375
887,67.08655548095703,2.1321043968200684,11.368302345275879
888,41.23491668701172,10.456537246704102,13.460539817810059
889,105.72945404052734,11.689882278442383,10.576746940612793
890,41.68329620361328,9.232549667358398,2.3864002227783203
891,134.6901397705078,2.118865489959717,3.310429811477661
892,39.1021614074707,1.8963326215744019,1.6981507539749146
893,84.92411041259766,3.8817901611328125,0.5934945940971375
894,33.050682067871094,1.2574599981307983,1.4852051734924316
895,32.72599792480469,2.2331976890563965,5.0811686515808105
896,18.071470260620117,5.335826873779297,4.654188632965088
897,46.32701110839844,2.13016414642334,2.550161361694336
898,96.15989685058594,2.332489013671875,3.3028039932250977
899,50.2692985534668,3.639944076538086,3.639127731323242
